<?xml version="1.0" encoding="UTF-8"?>
<beans xmlns="http://www.springframework.org/schema/beans"
    xmlns:xsi="http://www.w3.org/2001/XMLSchema-instance" xmlns:context="http://www.springframework.org/schema/context"
    xsi:schemaLocation="http://www.springframework.org/schema/beans
    http://www.springframework.org/schema/beans/spring-beans.xsd
    http://www.springframework.org/schema/context
    http://www.springframework.org/schema/context/spring-context.xsd">
    
     <bean id="employee2" class="com.cg.Employee2">
   <property name="EmployeeAge" value="30"/>
    <property name="EmployeeId" value="12345"/>
    <property name="EmployeeName" value="harrier"/>
    <property name="Salary" value="40000"/>
    </bean>
   <bean id="employee3" class="com.cg.Employee2">
   <property name="EmployeeAge" value="45"/>
    <property name="EmployeeId" value="57648"/>
    <property name="EmployeeName" value="monica"/>
    <property name="Salary" value="70000"/>
   </bean>
   <bean id="Sbu2" class="com.cg.SBU2">
    <property name="subCode" value="PES-BU"/>
     <property name="subName" value="Product Engineer Servies"/>
      <property name="subHead" value="Kiran Rao"/>
       <property name="emplist">
       <list>
       <ref bean="employee2"/>
       <ref bean="employee3"/>
       </list>
      </property>
   </bean>
</beans>