


<beans xmlns="http://www.springframework.org/schema/beans"
    xmlns:xsi="http://www.w3.org/2001/XMLSchema-instance" xmlns:context="http://www.springframework.org/schema/context"
    xsi:schemaLocation="http://www.springframework.org/schema/beans
    http://www.springframework.org/schema/beans/spring-beans.xsd
    http://www.springframework.org/schema/context
    http://www.springframework.org/schema/context/spring-context.xsd">
   
   <bean id="Sbu" class="com.su.SBU">
    <property name="sbuId" value="PES-Bu"/>
     <property name="sbuName" value="Product Engineer Servies"/>
      <property name="sbuHead" value="Kiran Rao"/>
   </bean>
     
   <bean id="employee" class="com.su.Employee1">
    <property name="EmployeeId" value="12345"/>
    <property name="EmployeeName" value="himil"/>
    <property name="Salary" value="40000"/>
    <property name="BusinessUnit" ref ="Sbu"/>
   </bean>
   
    
     
</beans>